{
  "fetched_at": 1778728703.8692951,
  "closes": [
    15.520000457763672,
    15.229999542236328,
    15.960000038146973,
    16.25,
    17.15999984741211,
    16.940000534057617,
    17.3700008392334,
    18.219999313354492,
    18.260000228881836,
    18.34000015258789,
    19.0,
    19.059999465942383,
    21.010000228881836,
    21.6299991607666,
    18.389999389648438,
    18.200000762939453,
    17.229999542236328,
    16.889999389648438,
    16.549999237060547,
    17.360000610351562,
    17.389999389648438,
    17.549999237060547,
    17.260000228881836,
    17.280000686645508,
    18.020000457763672,
    18.540000915527344,
    18.020000457763672,
    16.420000076293945,
    16.079999923706055,
    17.15999984741211,
    16.559999465942383,
    15.75,
    15.079999923706055,
    14.630000114440918,
    14.6899995803833,
    14.020000457763672,
    13.670000076293945,
    14.020000457763672,
    15.079999923706055,
    14.84000015258789,
    14.399999618530273,
    14.279999732971191,
    14.260000228881836,
    13.670000076293945,
    14.050000190734863,
    13.640000343322754,
    12.960000038146973,
    12.59000015258789,
    12.390000343322754,
    12.789999961853027,
    12.529999732971191,
    12.449999809265137,
    12.390000343322754,
    12.319999694824219,
    12.5600004196167,
    12.199999809265137,
    11.9399995803833,
    11.670000076293945,
    11.819999694824219,
    11.979999542236328,
    11.479999542236328,
    11.239999771118164,
    11.239999771118164,
    11.390000343322754,
    11.199999809265137,
    10.75,
    10.520000457763672,
    10.720000267028809,
    11.279999732971191,
    12.0600004196167,
    11.529999732971191,
    11.210000038146973,
    11.539999961853027,
    11.979999542236328,
    11.970000267028809,
    11.710000038146973,
    11.960000038146973,
    11.6899995803833,
    12.029999732971191,
    12.220000267028809,
    12.229999542236328,
    12.140000343322754,
    12.359999656677246,
    12.34000015258789,
    11.789999961853027,
    11.789999961853027,
    11.369999885559082,
    11.729999542236328,
    11.760000228881836,
    12.1899995803833,
    12.180000305175781,
    11.75,
    11.289999961853027,
    11.399999618530273,
    10.930000305175781,
    10.850000381469727,
    10.779999732971191,
    10.84000015258789,
    10.6899995803833,
    10.539999961853027,
    10.359999656677246,
    10.119999885559082,
    10.399999618530273,
    10.270000457763672,
    10.25,
    9.890000343322754,
    9.970000267028809,
    10.5600004196167,
    10.630000114440918,
    10.520000457763672,
    10.779999732971191,
    11.430000305175781,
    11.369999885559082,
    11.069999694824219,
    10.289999961853027,
    10.0600004196167,
    10.1899995803833,
    10.050000190734863,
    10.3100004196167,
    10.119999885559082,
    10.100000381469727,
    11.010000228881836,
    11.15999984741211,
    10.529999732971191,
    10.869999885559082,
    11.630000114440918,
    11.359999656677246,
    11.300000190734863,
    11.729999542236328,
    11.59000015258789,
    11.859999656677246,
    11.949999809265137,
    11.970000267028809,
    12.069999694824219,
    12.149999618530273,
    12.670000076293945,
    12.649999618530273,
    12.40999984741211,
    12.5600004196167,
    12.300000190734863,
    12.489999771118164,
    12.109999656677246,
    12.15999984741211,
    11.9399995803833,
    11.789999961853027,
    12.100000381469727,
    11.970000267028809,
    12.140000343322754,
    13.630000114440918,
    13.239999771118164,
    12.239999771118164,
    11.970000267028809,
    11.789999961853027,
    11.619999885559082,
    11.630000114440918,
    11.229999542236328,
    11.210000038146973,
    10.819999694824219,
    10.319999694824219,
    11.130000114440918,
    10.949999809265137,
    10.90999984741211,
    10.399999618530273,
    10.109999656677246,
    10.25,
    10.0600004196167,
    9.84000015258789,
    9.710000038146973,
    9.520000457763672,
    9.680000305175781,
    9.380000114440918,
    9.1899995803833,
    9.149999618530273,
    9.720000267028809,
    9.680000305175781,
    9.479999542236328,
    9.449999809265137,
    10.020000457763672,
    10.020000457763672,
    9.949999809265137,
    10.600000381469727,
    10.930000305175781,
    11.369999885559082,
    11.199999809265137,
    11.319999694824219,
    11.369999885559082,
    11.829999923706055,
    12.729999542236328,
    13.779999732971191,
    13.350000381469727,
    14.1899995803833,
    14.449999809265137,
    13.529999732971191,
    13.369999885559082,
    13.630000114440918,
    13.869999885559082,
    12.899999618530273,
    12.25,
    12.170000076293945,
    11.9399995803833,
    12.1899995803833,
    11.670000076293945,
    11.550000190734863,
    11.729999542236328,
    13.289999961853027,
    13.329999923706055,
    12.670000076293945,
    12.220000267028809,
    13.460000038146973,
    14.359999656677246,
    14.170000076293945,
    14.149999618530273,
    13.489999771118164,
    13.0600004196167,
    13.699999809265137,
    17.1299991607666,
    21.139999389648438,
    17.860000610351562,
    19.8799991607666,
    23.360000610351562,
    18.90999984741211,
    21.059999465942383,
    21.520000457763672,
    22.649999618530273,
    21.600000381469727,
    19.790000915527344,
    18.719999313354492,
    22.799999237060547,
    22.809999465942383,
    26.729999542236328,
    24.739999771118164,
    24.639999389648438,
    26.799999237060547,
    27.889999389648438,
    25.010000228881836,
    25.520000457763672,
    25.469999313354492,
    24.700000762939453,
    19.700000762939453,
    20.43000030517578,
    18.850000381469727,
    20.5,
    18.670000076293945,
    18.09000015258789,
    17.209999084472656,
    18.790000915527344,
    17.530000686645508,
    18.299999237060547,
    18.59000015258789,
    19.709999084472656,
    18.3799991607666,
    18.049999237060547,
    17.440000534057617,
    18.459999084472656,
    18.299999237060547,
    17.90999984741211,
    16.68000030517578,
    16.6200008392334,
    16.84000015258789,
    18.549999237060547,
    19.280000686645508,
    19.43000030517578
  ]
}